id,name,company_id,company_name,function,email,phone,mobile,notes,external_id
1,David Hamilton,1,Shah PLC,Director,rjackson@example.net,+1-865-890-3269,+1-444-351-3607x84536,"Rate establish need daughter hope since. Early over whatever through mind professor.
Ask just again nearly well. Test modern treat any feel it. Condition development bag how stage.",contact_1
2,Sydney Gutierrez,1,Shah PLC,"Surveyor, hydrographic",kevinsmith@example.org,(488)449-8720x9744,406.206.3385,,contact_2
3,Paige Barton,1,Shah PLC,Pension scheme manager,travisfisher@example.com,+1-602-630-7985x7856,574.518.0757x40407,,contact_3
4,Tracy Carter,1,Shah PLC,Production engineer,alisonmarks@example.net,348.712.4268,001-701-491-2779x8622,,contact_4
5,Rachel Gordon,2,Collins-Brown,CEO,ericcowan@example.com,001-764-811-1690x3898,+1-281-242-3860x475,"Similar ago happy company manage perform. Media process suffer evening their. Never fight send investment talk.
Many best difficult rate goal. Nearly soldier effort protect how. Chair clear listen.",contact_5
6,Christopher Vargas,3,Edwards PLC,CEO,krystalcochran@example.org,672-926-3245x2898,243.915.6777,,contact_6
7,Zachary Calderon,3,Edwards PLC,Best boy,longpaula@example.com,+1-782-516-1878x8050,608-826-4681,,contact_7
8,Christina Rivera,3,Edwards PLC,Training and development officer,gibsonryan@example.com,391-510-6814x782,(971)237-3491x382,"Top score should try. General although hard decade.
Recent crime kind as well detail always. Low strategy provide action road without.",contact_8
9,Sara Nelson,3,Edwards PLC,Barrister's clerk,fraziercarla@example.org,408.780.7446,625-340-0235x515,,contact_9
10,Catherine Allen,3,Edwards PLC,"Engineer, electrical",erica89@example.com,3577679681,500.706.8328x56566,,contact_10
11,Kelly Martinez,4,Ochoa-Erickson,Director,delacruztracey@example.org,281-297-4178x5502,793.833.6251,,contact_11
12,Brittany Jensen,4,Ochoa-Erickson,Television/film/video producer,theresa37@example.org,+1-434-221-1661x657,001-954-390-4899x01346,,contact_12
13,Peter Martin,4,Ochoa-Erickson,Data scientist,nhawkins@example.net,632-237-0404,526-712-6552x940,,contact_13
14,Erin Schmidt,4,Ochoa-Erickson,Agricultural consultant,kgould@example.com,733.426.6088x097,001-815-963-0276x155,,contact_14
15,Stephen Howell,4,Ochoa-Erickson,Mechanical engineer,jack41@example.org,+1-880-742-6812,001-555-534-1689,,contact_15
16,Jennifer Brown,5,"Smith, Woods and Shah",Owner,troy58@example.org,(750)316-8560x603,001-873-596-2000x533,"Better something then letter. Teach responsibility weight social per.
Concern go machine any matter sport how. Late whose assume might car. Those camera light world executive health.",contact_16
17,Joseph Marsh,5,"Smith, Woods and Shah",Sales promotion account executive,pamela98@example.com,(249)461-9254x1284,614-932-1159x372,,contact_17
18,Mark Smith,7,Salinas Ltd,CEO,carolyn15@example.com,+1-885-712-6679x4277,001-725-935-5846x8884,,contact_18
19,Allison Hall,7,Salinas Ltd,Chief Operating Officer,david62@example.org,(521)211-7009x1133,5139153669,,contact_19
20,Phillip Harrison,8,"Cruz, Romero and Oneal",CEO,nicole37@example.org,347-809-1657,355-985-7504x24964,,contact_20
21,Amanda Dixon,8,"Cruz, Romero and Oneal",Banker,uwilliams@example.net,933-537-2355,4259013911,,contact_21
22,Valerie Jones,8,"Cruz, Romero and Oneal",Tourist information centre manager,luis01@example.net,(630)600-1297x477,+1-794-814-8629,"Too black still billion want those customer. Oil fly brother wall challenge.
Remain blue they while maybe son apply. Including program series figure discuss prove ball run.",contact_22
23,Mark Green,8,"Cruz, Romero and Oneal",Cartographer,fblackwell@example.org,995-255-4912x48753,+1-502-923-7906x226,,contact_23
24,Rebecca Krueger,12,Schmidt PLC,President,morganreyes@example.org,796.201.0362x24489,(265)893-6201x2511,,contact_24
25,Stephanie May,12,Schmidt PLC,"Surveyor, land/geomatics",karla47@example.com,649.367.7338,,,contact_25
26,Robert Payne,12,Schmidt PLC,IT consultant,jimenezclayton@example.com,+1-314-554-5454x63866,2188889215,,contact_26
27,Christopher Ramirez DDS,13,"Cook, Wilson and George",President,jcox@example.org,219.920.6838x3987,965.933.6232x01452,Suffer check white too issue fill. Live foot ground especially edge. Even high exactly she occur. Arm other door three wife use poor speech.,contact_27
28,Nicholas Reed,15,Brown-Hernandez,President,zsullivan@example.net,746-675-0642x3956,,,contact_28
29,Crystal Watson,16,Clark and Sons,Owner,leejoshua@example.net,627-344-8175x7747,(657)344-9835x63449,,contact_29
30,Kimberly Martinez,16,Clark and Sons,Planning and development surveyor,tapiacynthia@example.net,+1-413-908-0179,6849774827,"Style write decision why environmental popular start.
Present environment wall chair near occur. Understand economy television member sport no perhaps.",contact_30
31,Amber Leonard,20,Klein LLC,Manager,perezclayton@example.net,562.432.2554x201,+1-278-379-8830,,contact_31
32,Deborah Goodwin,21,"Turner, Odonnell and Carter",Owner,lauren16@example.org,(277)954-6391,671.392.0945x93813,"Short drug mention say education power.
Operation easy security. Perhaps people successful animal.
Air themselves name budget charge will. Believe mean few civil fast policy market.",contact_32
33,Christopher Vaughan,21,"Turner, Odonnell and Carter",Secondary school teacher,catherine43@example.net,(637)719-5842x098,330.726.7508,,contact_33
34,Jessica Vega,21,"Turner, Odonnell and Carter",Higher education careers adviser,wdavidson@example.com,4726673661,662-583-7116,,contact_34
35,Angela Newman,21,"Turner, Odonnell and Carter",Clinical biochemist,kimberlyflores@example.com,369.324.3171,,,contact_35
36,David Lawrence,21,"Turner, Odonnell and Carter",Jewellery designer,julia88@example.org,(584)796-8329x58533,+1-848-405-0065,"Risk owner support itself. Believe you accept.
Nice continue store light whatever site be perhaps.
Financial during card senior begin high. For glass rather black light song that.",contact_36
37,Jennifer Griffin,25,Miller-Cantrell,CEO,wwest@example.net,(867)460-5738x167,229.768.4941,,contact_37
38,Laura Glass,25,Miller-Cantrell,Management consultant,danielleandrews@example.net,001-329-450-4116x935,001-578-986-5735x448,In pick with threat operation table station. Month truth hour through assume which. Task image outside win outside long chair.,contact_38
39,Tonya Gutierrez,25,Miller-Cantrell,Plant breeder/geneticist,robinsonjoseph@example.com,001-425-652-8769x52449,606.540.4857x203,"War forget husband task create senior mouth. Feeling forget two newspaper skill tend affect. Remember listen rise Mrs.
Bit fast life. Account use seat full everyone. Media door glass key head beat.",contact_39
40,Kimberly Berg,25,Miller-Cantrell,"Scientist, research (medical)",erin42@example.com,517-330-4271x4703,+1-323-252-5234x88099,,contact_40
41,Jasmine Miller,25,Miller-Cantrell,Immigration officer,lewissandra@example.net,001-921-948-7023x26261,986.703.9526x53697,,contact_41
42,David Brown,26,"Johnson, Jenkins and Hall",Manager,xyoung@example.org,648-263-3795x76391,,,contact_42
43,Thomas Kennedy,26,"Johnson, Jenkins and Hall","Chemist, analytical",amartin@example.com,001-898-754-8236x267,766-855-1592x0642,"Often health four subject. Conference low between.
Either budget style me song. Clear brother enjoy begin cold issue card. Red dark board success firm move guess old.",contact_43
44,Michael Taylor,27,Compton PLC,Manager,youngveronica@example.com,478.485.3032x38233,,"Strategy choice financial site country something. Actually hotel dark game law finally five before. Ask interview exactly federal.
Improve Mr give it vote among. Class voice friend ten bit.",contact_44
45,Margaret Ortega,27,Compton PLC,Learning mentor,mallory29@example.net,(604)690-9390x541,463.885.7358x0920,,contact_45
46,Mark Garcia,27,Compton PLC,Petroleum engineer,ehenderson@example.com,001-316-888-9554x763,647-446-7334x23424,"Above sing something dark Mr agent.
Art sport term section oil nor. Choice save ball artist every.",contact_46
47,Tina Norton,27,Compton PLC,Chiropodist,raycrawford@example.com,001-554-651-7907x780,,,contact_47
48,Holly Curry,27,Compton PLC,Trade mark attorney,anthonywilliams@example.org,596-288-0749x428,+1-818-677-5657x4200,,contact_48
49,Christian Ramsey,29,Scott-Garcia,Director,ofrost@example.org,(812)555-2069x6914,001-638-632-6468x15291,,contact_49
50,Olivia Miller,29,Scott-Garcia,Research scientist (life sciences),nathan16@example.net,6826032867,220-294-3476,,contact_50
51,Jonathan Jacobson,30,Esparza LLC,Manager,austinfaith@example.net,+1-893-234-3551x71497,,Senior coach close respond this peace trouble. Management television until five city speech.,contact_51
52,Brittney Hayes,30,Esparza LLC,Early years teacher,matthewjenkins@example.net,(647)543-9723x30518,001-260-216-3684x812,,contact_52
53,James Gillespie,30,Esparza LLC,Psychiatric nurse,snydershannon@example.com,001-624-889-0854,+1-728-374-2742x807,"Worker stay source room bring. Skill certain hand nor laugh operation.
Or anyone she choice north feel so. Because bad explain design either mention. Conference power traditional site lose will.",contact_53
54,Danielle Nelson,33,Brown Ltd,CEO,danielaguirre@example.org,(585)771-6263x845,,,contact_54
55,Gabrielle Woods,33,Brown Ltd,Dietitian,maldonadojames@example.net,(466)962-2271,+1-619-519-7988,Wear including successful. Top quite according clearly picture save first bill. Production low free wear year consumer.,contact_55
56,Stephen Luna,33,Brown Ltd,Social worker,normanbreanna@example.com,001-357-254-2063,,,contact_56
57,Maxwell Newton,34,Ritter Group,Manager,megan70@example.org,(575)512-2749,,"Lot television admit central loss. Stock push kitchen move read. Can never very thing view.
Song own sense teach behind leave contain. Music color force whole. End environmental ahead instead.",contact_57
58,Nicholas Vargas,34,Ritter Group,Customer service manager,jamesgillespie@example.com,269-702-5322x44525,(960)725-1312x0015,,contact_58
59,Michael Chambers,34,Ritter Group,Materials engineer,ayalashawn@example.org,(455)840-7037x39928,7976596165,,contact_59
60,Cody Parker,34,Ritter Group,Lawyer,cpayne@example.org,9348980816,814-527-1816x35826,,contact_60
61,Melanie Smith,35,"Hernandez, Woods and Ellison",President,gmcintyre@example.com,869-623-9615,,,contact_61
62,Ryan Wilson,35,"Hernandez, Woods and Ellison","Surveyor, building",wwilliams@example.org,(491)464-6363x74743,(340)805-3900,,contact_62
63,Katherine White,35,"Hernandez, Woods and Ellison",Counselling psychologist,jeremylewis@example.net,+1-485-914-2089x282,+1-751-787-1095x6945,"Somebody month short month health. Get director sort fall his subject lay. Eye say eat off.
Democrat live police subject might attorney. Difficult sport next happen fact better itself.",contact_63
64,Felicia Delacruz,39,Anthony Ltd,Manager,tbailey@example.net,8705342048,270-857-1911,,contact_64
65,Michelle Davis,40,"Bullock, Woods and Powell",Director,mark88@example.org,(392)515-8144,001-346-479-6030,,contact_65
66,Jessica Payne,41,Petersen-Perry,President,pdorsey@example.net,001-481-883-0163x5698,987-612-1277x6064,,contact_66
67,Melissa Martin,41,Petersen-Perry,"Librarian, public",cheryl44@example.net,(456)572-5766x374,9512805293,"Rule generation management sound yes option local. War before share democratic top agency.
Act she be sell.
Step main your brother approach answer star. His anything reach wish.",contact_67
68,William Morris,41,Petersen-Perry,Warehouse manager,robinsonpatrick@example.net,(601)650-7575x75126,224-339-1964x6170,,contact_68
69,Mr. Kurt Rodriguez DVM,41,Petersen-Perry,Osteopath,garygriffin@example.net,001-644-954-5926,(863)364-1259,"Staff determine get get. Person the pay direction financial reduce. Clear keep under pressure.
Republican item detail then let drive. Southern sing financial doctor condition available.",contact_69
70,James Coleman,41,Petersen-Perry,"Sales professional, IT",qhicks@example.net,001-282-249-0840x8668,(653)779-3235x27527,,contact_70
71,Zachary Wilson,42,Griffin Ltd,President,greg23@example.org,8258744504,+1-288-783-8378x0880,,contact_71
72,Samantha Walters,42,Griffin Ltd,Public affairs consultant,bethany45@example.org,001-949-668-1441x32980,566.915.3618x336,,contact_72
73,Stephanie Nunez,43,"Wallace, Gill and Vargas",Owner,martinricky@example.net,959-713-0418,262-447-4782,"Risk degree say five. Everybody during animal share now production financial.
Believe tonight management fill mean write occur then. Right could serve affect.",contact_73
74,Linda Jackson,43,"Wallace, Gill and Vargas",Immigration officer,zbuckley@example.org,001-320-920-4379x16508,+1-399-403-5251x493,,contact_74
75,Emily Shaw,43,"Wallace, Gill and Vargas","Surveyor, quantity",lorikim@example.com,+1-290-522-7027,,,contact_75
76,Corey Cook,43,"Wallace, Gill and Vargas","Engineer, aeronautical",weberrandy@example.com,681.797.4345x5322,001-253-859-4087x281,"Money upon floor region election fact state. Society Republican himself than firm effect indicate. See use evidence ready well issue.
Story through position. Measure our hour policy step heart there.",contact_76
77,Jenna Nguyen DDS,43,"Wallace, Gill and Vargas",Marketing executive,cynthia56@example.org,319-564-0675x99274,854-629-1823x843,,contact_77
78,Katherine Perry,46,Bailey-Taylor,Owner,wilsonanthony@example.net,(834)262-6952,(725)584-8977x66555,,contact_78
79,Mary Perkins,46,Bailey-Taylor,Building surveyor,kempangel@example.org,4397066153,441-757-6844,,contact_79
80,Amber Moore,46,Bailey-Taylor,Health and safety adviser,cunninghamjason@example.org,001-863-285-2814x19738,,,contact_80
81,Stephen Meadows,46,Bailey-Taylor,Event organiser,griffinashley@example.com,606-873-2250,789-886-7992x3026,,contact_81
82,Anthony Gould,47,"Williams, Martinez and Acevedo",Owner,hannah23@example.net,001-855-497-3467,,Return down activity position popular focus actually. Example senior others challenge despite Mrs prove. Various defense record lose shake. World case much both nature option.,contact_82
83,Jennifer Coleman,47,"Williams, Martinez and Acevedo",Broadcast journalist,grimescristina@example.org,(693)678-4108x03276,+1-285-832-3320x568,,contact_83
84,Alexandra Browning,50,Contreras-Haas,CEO,cwolf@example.com,225.887.4555x73325,(717)270-4541,,contact_84
85,Adam Sanchez,51,Ayala-Owens,Manager,reneejohnson@example.com,244-346-7787x1838,2129167247,,contact_85
86,Laura Taylor,51,Ayala-Owens,Archaeologist,qanderson@example.org,(275)815-1168x29411,3404086485,,contact_86
87,Kimberly Frank,51,Ayala-Owens,"Therapist, art",fdavis@example.net,+1-805-326-5345x16491,,,contact_87
88,Sierra Johnson,51,Ayala-Owens,Airline pilot,trevinoshaun@example.com,380.566.0578,455.805.7264x97107,Father can deep officer ok again establish identify. Can some affect address hope explain special page. Them town like.,contact_88
89,Bradley Parker,52,"Clark, Patrick and Harris",Owner,johncobb@example.com,(716)665-7632x3313,+1-535-569-7861x240,"Usually performance turn. Professor authority score own glass.
Beyond easy project name. Program occur through meet religious respond.",contact_89
90,Miguel Hopkins,52,"Clark, Patrick and Harris","Radiographer, therapeutic",lthompson@example.com,286-591-4479,(730)209-2560,,contact_90
91,Michele Le,52,"Clark, Patrick and Harris",Architectural technologist,silvastacey@example.net,910-987-2943x47848,,,contact_91
92,Shawn Wolfe,52,"Clark, Patrick and Harris",Ship broker,karenoconnor@example.org,669.385.4367x855,001-539-491-3412,,contact_92
93,Christopher Meadows,53,Fox-Peters,CEO,yshaw@example.org,001-464-404-7681x72024,+1-403-892-9445x813,"Every anyone up we seat. Town image agree lawyer force food.
When imagine effect someone. Page finally beautiful information personal.",contact_93
94,Elizabeth Mason,53,Fox-Peters,Sales promotion account executive,whitekatelyn@example.net,2187927637,001-360-746-4436,,contact_94
95,Andrew Johnson,53,Fox-Peters,"Engineer, manufacturing systems",scottbrian@example.net,887.793.2959x7692,980.898.4175,,contact_95
96,Kayla Barton,57,Henderson Group,Director,lferguson@example.net,001-778-457-0835x913,561-532-7735x03177,"Tax approach they street clear poor. Pressure you style think series sister.
Trip action moment program analysis mind. Technology behind set among institution.",contact_96
97,Darren Moore,57,Henderson Group,Jewellery designer,christophermoody@example.org,+1-313-322-7650x516,959.357.7180,,contact_97
98,Dennis Bowen,58,Oliver-Miller,Director,dsantos@example.com,001-980-338-1652x535,222-754-4234x05651,,contact_98
99,Jessica Carey,58,Oliver-Miller,Chiropractor,joanlopez@example.com,001-282-831-7803x19560,(287)645-3487x465,"Do she real close maintain month toward.
College actually trouble myself beyond executive. Close over positive bill such politics.",contact_99
100,Diana Oconnor,58,Oliver-Miller,"Designer, multimedia",pespinoza@example.com,624.792.5502,(561)539-2470,,contact_100
101,Charles Rodgers,58,Oliver-Miller,Advertising account planner,luisclark@example.net,886-959-0945x4277,335-325-7074x60586,,contact_101
102,Shawn Daniels,59,Hoffman Group,Director,kevinbrown@example.org,(598)563-0061,(534)750-9072,,contact_102
103,Anthony Silva,59,Hoffman Group,Clinical research associate,christopher32@example.net,462-501-8606,611.909.5138,"Book few scientist yeah idea. Dream minute return need true two.
Sell among soldier company. First culture office development.
Still allow ahead account both. He life mother story improve.",contact_103
104,Alexander Norris,59,Hoffman Group,Arts development officer,williamhammond@example.org,(790)849-3980,001-403-975-3680,,contact_104
105,David Brown,59,Hoffman Group,Financial planner,shannon31@example.com,(897)457-2170,001-334-858-8723,,contact_105
106,Julie Mcguire,61,Luna Ltd,CEO,tyler69@example.com,+1-781-370-7203x0536,(410)988-0132,,contact_106
107,Nathan Anderson,61,Luna Ltd,Print production planner,brownrenee@example.org,700.951.4874x339,,,contact_107
108,Joanne Arnold,61,Luna Ltd,Fast food restaurant manager,julia67@example.org,001-511-470-0988x556,792-776-9290x43402,,contact_108
109,Christopher Fields,61,Luna Ltd,Health physicist,rosemary@example.org,+1-562-734-4318,(994)580-3199,"Possible already hospital travel recently. Half during statement laugh tonight. Range administration federal left.
Point side rock practice itself administration. Support cell too get result.",contact_109
110,Cody Campos,62,"Moreno, Jackson and Kelly",Owner,ewilson@example.org,+1-785-951-6598x851,7269228277,,contact_110
111,Connie Jones,62,"Moreno, Jackson and Kelly","Horticulturist, commercial",wlong@example.org,755.247.1465,,,contact_111
112,Adam Price,62,"Moreno, Jackson and Kelly",Energy engineer,durhamallison@example.net,(848)456-9434x8006,,,contact_112
113,Juan Mercado,62,"Moreno, Jackson and Kelly","Therapist, occupational",victoriabenson@example.net,(403)974-7420x03217,001-283-360-9652x092,Explain listen hard reveal very which tonight. Ability it two child staff. Happy bar matter mouth American.,contact_113
114,Emily Williams,62,"Moreno, Jackson and Kelly","Engineer, structural",heather48@example.com,(463)415-3397x0961,+1-212-837-5443x57717,"Kind suggest concern. Assume bed camera ability manager argue eat manage. Major close little when actually too.
Enter record behavior deal case pick long capital. Serious spring art gun as stay.",contact_114
115,Russell Torres,63,Reynolds-Yu,CEO,dkirby@example.net,632-228-7658x59046,856-444-3908x4674,,contact_115
116,Wanda Johnson,64,Pope and Sons,Director,tiffanypeterson@example.net,+1-442-918-2876,,,contact_116
117,Wendy Rice,66,Reyes Inc,Director,sandra94@example.net,300-218-9846x539,+1-486-953-7757,,contact_117
118,Madison Cook,66,Reyes Inc,Health promotion specialist,hmartin@example.com,518-684-8291,,Order when politics past even small. Stage own appear throughout certain seven. Main consider could it young necessary.,contact_118
119,Jessica Harris,66,Reyes Inc,Biomedical engineer,kristinphillips@example.net,+1-916-382-7763x0089,503-843-9252,"Age truth quality. Morning think hour face particular safe.
Participant serious sit sit sign.
Every success system represent. Now avoid forget investment throughout would range.",contact_119
120,Leah Acosta,68,Patterson Group,Manager,thompsonguy@example.net,001-915-609-0257x566,586-367-5236x319,,contact_120
121,Julie Saunders,68,Patterson Group,"Engineer, production",dwilliams@example.net,(238)723-7075x24321,(428)629-1523x4250,,contact_121
122,Sylvia Williams,69,Vaughn LLC,President,dyerronald@example.org,337.609.7731,,,contact_122
123,Jeffrey Walter,69,Vaughn LLC,"Research officer, government",santiagoaaron@example.net,+1-278-714-8073x605,+1-358-811-9404x179,Return worker couple environmental political yard. Great training window while natural.,contact_123
124,Daniel Norris,69,Vaughn LLC,Retail merchandiser,torrestheresa@example.com,001-364-482-6467x6946,,,contact_124
125,Yolanda Levy MD,69,Vaughn LLC,Land/geomatics surveyor,peterwhitney@example.net,(957)960-0949x753,512-479-5078,,contact_125
126,Lucas Palmer,69,Vaughn LLC,Armed forces logistics/support/administrative officer,brownmark@example.net,+1-609-888-9067x23827,420.434.6683x39238,,contact_126
127,Veronica Miller,70,Schroeder-Hampton,Director,simpsondavid@example.org,+1-464-454-1167x1701,,,contact_127
128,Katie Stevens,70,Schroeder-Hampton,Accounting technician,brian51@example.org,8166994810,,"Note appear manage minute. Exist quickly value series lot anyone.
Message look direction change billion enter. Where behavior memory officer science. Talk us site quality million letter.",contact_128
129,Sherry Taylor,72,"Figueroa, Willis and Sharp",CEO,jonathan62@example.com,715.416.2145x582,921-325-1035,,contact_129
130,Stacey Hernandez,72,"Figueroa, Willis and Sharp",Careers information officer,alexandrianichols@example.com,5597972935,(947)429-3595,"Pick better glass herself. Try member garden year.
Tonight value enjoy he upon sing follow. Western sort seat order structure. Natural open manage environmental report provide yet.",contact_130
131,Timothy Turner,72,"Figueroa, Willis and Sharp",Chartered legal executive (England and Wales),esanders@example.com,(415)277-4480,700-616-6123x958,,contact_131
132,Sara Carpenter,74,"Jennings, Fernandez and Sullivan",Manager,craig16@example.org,897.769.2759,283.989.9227,,contact_132
133,Randy Wong,74,"Jennings, Fernandez and Sullivan",Chief Operating Officer,wvalenzuela@example.org,+1-934-506-6048x4644,393-284-9421x36774,,contact_133
134,Matthew Hernandez,74,"Jennings, Fernandez and Sullivan",Systems developer,kmiller@example.org,001-925-720-1985x264,(516)585-7083x31818,"Economic give check. Together short entire. Write everything life nice.
Choose standard begin question hope news capital. Conference take employee wind.",contact_134
135,Taylor Morales,74,"Jennings, Fernandez and Sullivan",IT technical support officer,michael58@example.com,548.555.7026,,"Can special role recent. Represent law across government. History understand defense will provide.
Top life executive worker while. Go alone yourself.",contact_135
136,Ian Boone,75,Grimes-Gibson,President,jameshardy@example.net,540-370-8307,,"See family important. Population cut strong message. Condition over win my.
Ahead authority thus thank material food game value. Respond side however record most travel.",contact_136
137,Diana Garcia,75,Grimes-Gibson,Public relations account executive,michael83@example.com,750.661.5512x220,277-781-7715x263,,contact_137
138,Robin Reyes,76,"Morrison, Phillips and Swanson",Director,martinmartin@example.com,+1-396-666-5369x6921,+1-900-657-3433x0937,,contact_138
139,Lindsey Reynolds,77,Lam-Gordon,Owner,castrorachel@example.com,+1-855-750-6075x377,(432)276-9155x9702,,contact_139
140,Tiffany Bennett,77,Lam-Gordon,Private music teacher,imarsh@example.com,(717)308-9067x8280,(245)587-6569,"Animal media that movement. Debate least understand listen turn history serve. Program no within.
Yet fund live deal five technology. Why protect player little play. Black animal bar.",contact_140
141,Frederick Castillo,77,Lam-Gordon,Architect,gmedina@example.org,711-669-3742x838,+1-673-429-0030x575,,contact_141
142,Amber Bray,77,Lam-Gordon,Forensic scientist,nstewart@example.com,+1-260-962-6767x5536,413.536.4506,,contact_142
143,Ashley Santana,80,Pratt-Johnson,Owner,kelleyjohn@example.net,353.373.8970x607,+1-834-993-5284x5622,,contact_143
144,Ryan Davis,80,Pratt-Johnson,Private music teacher,victorsmith@example.org,2209491942,(286)414-3588x995,,contact_144
145,Kimberly Perez,80,Pratt-Johnson,Paediatric nurse,lisamann@example.org,001-903-251-7612x47755,,,contact_145
146,Susan Simmons,80,Pratt-Johnson,Medical illustrator,martinphyllis@example.net,3478401110,001-421-296-2397x262,,contact_146
147,Kristin Rodriguez,80,Pratt-Johnson,Financial planner,samuel89@example.org,(458)794-3537x3149,,,contact_147
148,Andrew Bryan,82,"Salazar, Martinez and Mercado",Manager,tonymorgan@example.net,+1-421-565-9432,405-887-5102x053,,contact_148
149,Gina Vaughn,82,"Salazar, Martinez and Mercado",Product designer,joshua21@example.com,+1-252-251-2021,+1-437-496-8639x92154,"Production especially himself free ground. Dog defense live will eight responsibility. By position hear recent night hour traditional.
Court above else medical. Reflect doctor trip bag point.",contact_149
150,James Ray,82,"Salazar, Martinez and Mercado",TEFL teacher,denisepeterson@example.net,291-315-1884,298-994-2404x467,,contact_150
151,Alexander Powell,83,Farrell-Chandler,Manager,parkerphilip@example.com,+1-918-265-0967,,,contact_151
152,Ryan Ford,83,Farrell-Chandler,"Engineer, energy",kimberly76@example.com,4323675765,+1-359-332-8877x48202,,contact_152
153,Kevin Macdonald,83,Farrell-Chandler,"Research officer, trade union",spencerrodriguez@example.com,001-690-687-2321x4995,227-769-6576,,contact_153
154,Jeffrey Montoya,84,Gray-Rodriguez,Manager,michaelhall@example.com,232.266.6901,6585222878,,contact_154
155,Tony Odom,84,Gray-Rodriguez,Phytotherapist,jmoon@example.net,377.486.5106,+1-604-812-1975,,contact_155
156,Crystal Fox,84,Gray-Rodriguez,"Designer, ceramics/pottery",mathew78@example.com,496.799.3416,(950)262-1280x6101,,contact_156
157,Barbara Lee,84,Gray-Rodriguez,Clothing/textile technologist,oenglish@example.net,357-283-0615x574,742.443.0387,,contact_157
158,Daniel Rodriguez,84,Gray-Rodriguez,Translator,kimberly58@example.net,935-314-9218x59167,001-819-426-7213x20528,,contact_158
159,Robin Owens,87,Cooper Ltd,CEO,michael90@example.com,(510)256-0189,6189144321,,contact_159
160,Robert Clark,87,Cooper Ltd,Further education lecturer,sara38@example.net,776-518-9809,,,contact_160
161,Gabriella King,94,Cruz and Sons,Manager,stacynelson@example.org,5064386782,+1-846-952-1694x5662,,contact_161
162,Jamie Green,94,Cruz and Sons,Copy,kbishop@example.net,670.831.6898x931,(379)795-7276x1948,,contact_162
163,Ronald Good,94,Cruz and Sons,Learning mentor,santiagopatricia@example.net,521-298-9298x5471,,"Hand near fight treatment different. Fill language data avoid a improve thing feeling.
Hundred fund without agency citizen. Game food throw specific back indeed appear store. Recently over bar arm.",contact_163
164,Dominic Robertson,94,Cruz and Sons,Arts administrator,danielle78@example.net,(477)230-0521,223-933-2498x8961,Hand fund per everybody. Indeed travel ask. Red building child answer exist call section. Enter gas may development effect reflect.,contact_164
165,Michael Sanders,94,Cruz and Sons,Ambulance person,ohughes@example.com,001-754-743-2816x4152,,,contact_165
166,Brandon Torres,95,"Snow, Howard and Jones",Owner,jason13@example.org,001-598-750-5414x6171,001-737-573-9564x06235,Enough mission new. Mr college under bar alone red. Crime interesting here couple run answer worry produce.,contact_166
167,Stephanie Cline,95,"Snow, Howard and Jones",Water quality scientist,mikaylaharrington@example.com,664-978-2070,001-426-694-9299x55450,,contact_167
168,Brittany Martin,95,"Snow, Howard and Jones",Associate Professor,smithmatthew@example.com,7169282040,609-291-8493x5804,,contact_168
169,Lisa Edwards,95,"Snow, Howard and Jones",Freight forwarder,austinkirby@example.net,324.607.1906,412-325-7765,Kind month party media still service everything. Class individual as. Lawyer very western painting general career note.,contact_169
170,Sherry Smith,99,Jacobs-Howard,President,christina37@example.org,(319)782-7777x66649,,,contact_170
171,Paul Mcdonald,99,Jacobs-Howard,Theatre director,vaughnhannah@example.net,346-671-1444,(206)511-1683x113,"Successful need real spring. Unit possible today. Speech pretty debate begin particular politics line.
Watch generation drive computer drug final. It middle ground than Mr could view.",contact_171
172,Mr. Robert Gomez,99,Jacobs-Howard,Waste management officer,eatonlisa@example.org,649.955.6713x67443,(500)617-7525x03523,Society address member central address. Trip evidence number president budget. Current quite car become.,contact_172
173,Laura Walker,99,Jacobs-Howard,Phytotherapist,mnorris@example.org,001-305-202-1267x03606,2364070408,,contact_173
174,Erik Garcia,99,Jacobs-Howard,"Editor, commissioning",sandragoodwin@example.org,753.420.7975x392,+1-809-854-7148x04387,"Their nature forward world raise garden. Particularly wait whether leader once. Entire thus laugh both floor.
Man then deep health whose letter situation. Remain eye study physical ability wind her.",contact_174
175,David Miller,100,"Walton, Mendoza and Floyd",President,christopherjohns@example.net,+1-904-432-3378x89754,,Family population least you. Owner production close year. Manage surface base represent keep wrong product.,contact_175
176,Natalie Snyder,100,"Walton, Mendoza and Floyd","Therapist, nutritional",thomashobbs@example.com,222.620.2656x460,829.871.7331x022,,contact_176
177,Angela Wilson,101,"Love, Brady and Adams",Owner,kayla97@example.net,262-405-8934x30864,260-680-5648,,contact_177
178,Paige Scott,101,"Love, Brady and Adams",Site engineer,andrewrandolph@example.net,001-560-316-5185x663,697.303.3613x883,,contact_178
179,Angela Velazquez,101,"Love, Brady and Adams",Water quality scientist,robertfrey@example.org,364-507-5129,001-800-623-3912x23102,,contact_179
180,Julie Ramirez,101,"Love, Brady and Adams",Environmental health practitioner,amymckenzie@example.com,525-844-7998,744-505-5005,,contact_180
181,Crystal Taylor,101,"Love, Brady and Adams",Research scientist (medical),lopezvictoria@example.org,706.261.7037,001-612-756-6479x5979,When around western hot author education. Final push successful still seven new author. News whom speak bad political bring.,contact_181
182,Brittney Payne,103,Hunter-Scott,President,jefferyelliott@example.net,001-242-932-1273,305.724.7319,,contact_182
183,Paul Webb,103,Hunter-Scott,Cabin crew,andrew23@example.net,(477)647-1767,939-988-9381x06639,"Job list final certain particular development. Service rest first matter. Likely eight network certain standard gun.
General real consumer perform research. Law skin guess.",contact_183
184,Cindy Edwards,103,Hunter-Scott,Immigration officer,ljones@example.com,001-569-980-8366x50953,410-558-6832,,contact_184
185,Taylor Taylor,103,Hunter-Scott,Hospital pharmacist,fowlermarcus@example.com,001-774-834-3870x461,893-904-9179x630,,contact_185
186,Michael Ellis,103,Hunter-Scott,"Civil engineer, consulting",justin31@example.com,001-207-896-9305x78968,,,contact_186
187,Bobby Bass,106,Walker-Fisher,CEO,fhernandez@example.net,+1-291-507-5466,(502)323-5576,"Begin find avoid clear heart north. Machine measure eat onto line person. Investment chance recent must current team country.
Full recently production newspaper. State hotel only mean.",contact_187
188,Phyllis Morris,106,Walker-Fisher,Sports administrator,sweeneyruben@example.org,5992677916,952.377.9842x85429,"Fight day summer rich back eat defense. Hair federal no front size special.
Turn other ago market article again. To color want. Upon event address form news.",contact_188
189,Jesse Taylor,106,Walker-Fisher,Ceramics designer,amanda80@example.com,848-394-3417,3624002756,,contact_189
190,Katie Herrera,109,Rogers-Jones,CEO,christina98@example.net,001-713-656-3843x070,(955)645-8570,,contact_190
191,James Hammond,112,"Johnson, Graves and Kelly",Director,gerald13@example.net,(908)937-7694x975,+1-332-514-3334,,contact_191
192,Peter Smith,112,"Johnson, Graves and Kelly",Set designer,randy00@example.com,(891)562-7149,,"Newspaper occur bit thousand field artist. Future hard argue community.
Hospital society live American. Meeting purpose rule international standard child. Now language student a key.",contact_192
193,Derek Jones,112,"Johnson, Graves and Kelly",Catering manager,cisneroscody@example.org,001-971-765-1060x020,,Investment able these southern. Peace matter plant care save fear yourself despite. Believe four left read pull.,contact_193
194,Michelle Mason,114,Caldwell Group,CEO,rebeccabarker@example.org,(636)251-2635,788-702-4700x07235,,contact_194
195,Amber Moore,114,Caldwell Group,Film/video editor,kathleen37@example.net,783.409.9910,7846282790,"Public she people main about sit. Cultural adult including beyond their.
Plant ever interview behavior source recently huge.
System truth democratic fast break. Television artist fact do.",contact_195
196,Sharon Rodriguez,114,Caldwell Group,Warden/ranger,jessesoto@example.com,(656)579-9830x923,390.411.5992,,contact_196
197,Benjamin Perez,116,Carter-Smith,Owner,linda41@example.org,966.933.8027x1055,001-617-336-5870x36782,,contact_197
198,Scott Welch,116,Carter-Smith,"Production assistant, radio",blakehart@example.com,001-358-965-0882x0464,,,contact_198
199,Lauren Macdonald,119,Avila-Moreno,Owner,johnsonivan@example.com,639-672-1636x7144,488-879-7368x6060,,contact_199
200,Donna Meyers,119,Avila-Moreno,Armed forces logistics/support/administrative officer,uallen@example.org,(864)689-2172x4242,273-749-2481x99112,,contact_200
201,Andrew Love,119,Avila-Moreno,Multimedia specialist,alfred94@example.net,454-601-4715x359,887.739.7538,,contact_201
202,Kevin Atkins,123,Willis-Hernandez,Director,nicolegomez@example.com,+1-722-637-6977x28262,001-439-898-8395x69977,,contact_202
203,Samantha Conrad,123,Willis-Hernandez,Medical sales representative,kpatel@example.org,553.564.6942x7872,756.250.8278x531,,contact_203
204,Melissa Caldwell,123,Willis-Hernandez,"Engineer, manufacturing",nharrison@example.net,338-845-9966,939.657.7514x669,Determine movie more especially serious effort red. Foreign part food dog impact.,contact_204
205,Ricky Edwards,124,"Combs, Simmons and Henderson",Manager,brandon81@example.org,536-872-0046,(393)563-3693,,contact_205
206,Alexis Clements,124,"Combs, Simmons and Henderson",Community education officer,csmith@example.net,716-423-3267,(584)314-9983,,contact_206
207,Christine Cook,124,"Combs, Simmons and Henderson","Buyer, industrial",williamtorres@example.com,+1-878-745-3343x52779,323.808.2439x2328,"Poor indeed and likely heavy necessary Mrs. Campaign any plan later. Account officer charge rather week collection space.
Culture leg enter organization message more so water. The theory within face.",contact_207
208,William Park,124,"Combs, Simmons and Henderson","Designer, graphic",ocollins@example.net,746-253-1019x571,865.704.5881,,contact_208
209,Bailey Davis,124,"Combs, Simmons and Henderson",Therapeutic radiographer,smithjohn@example.net,001-455-641-7148x730,001-904-381-4367x767,"Maybe leader practice third already. Democratic discuss senior peace might maintain. Sell you evidence offer specific good region wrong.
Fall ground time. Simply loss simply.",contact_209
210,Andres Young,127,Alvarado-Simmons,Manager,teresachandler@example.com,358-808-6463,,,contact_210
211,Joanna Beltran,127,Alvarado-Simmons,"Engineer, building services",anne89@example.org,001-251-946-0328x874,(555)695-8587x208,"Him control what story protect threat mean.
Back place network radio. Remain safe market together author. See process adult say ready after chance.
Hear change clearly mission. State want current.",contact_211
212,Jill Mcneil,127,Alvarado-Simmons,"Pharmacist, hospital",angelaallen@example.org,619.610.3911,872.828.5359x016,,contact_212
213,Frank Anderson,127,Alvarado-Simmons,Field seismologist,jessica36@example.net,001-655-202-0265x6402,2165655937,,contact_213
214,Alex Rios,129,"Gonzales, Bentley and Montes",CEO,reneenorman@example.net,+1-617-669-1810,,,contact_214
215,Daniel Solomon,129,"Gonzales, Bentley and Montes",Purchasing manager,donaldsonjason@example.com,663.212.6133,+1-205-541-2025x843,Tv outside industry fly sense. Simple even during face parent idea. White explain yourself kid.,contact_215
216,Angela Gentry,129,"Gonzales, Bentley and Montes","Surveyor, insurance",laurievaldez@example.com,357-288-8652,001-227-356-8902x9982,"Audience theory key road.
Court board create campaign its. Meeting hold they matter.",contact_216
217,Matthew Chang,129,"Gonzales, Bentley and Montes",Architect,achapman@example.net,910.444.6496x227,(665)580-0499x9294,"Environmental politics raise interesting. Owner rather game professional we.
Reflect make surface sense season. Decision or arrive still reason. Take plan door ever maybe evening.",contact_217
218,Andrew Fisher,129,"Gonzales, Bentley and Montes",Operational researcher,diana05@example.org,001-419-337-4257x8241,(483)680-9063x3346,Assume his if reflect record sort treatment. Cell remember raise particularly. Institution turn Democrat exist responsibility bit ask.,contact_218
219,Donald Aguilar,130,Bates Ltd,CEO,amanda29@example.com,937-900-1172x4057,001-501-488-0906x402,,contact_219
220,Dawn Wolf,130,Bates Ltd,Retail merchandiser,judy58@example.org,001-773-401-5556x927,885.934.8825x062,,contact_220
221,Walter Haynes,130,Bates Ltd,Furniture conservator/restorer,teresahughes@example.net,814-761-8103x917,591-456-7103x6944,"Add eat walk. Laugh place plan time for author scientist.
Performance key apply. What nature moment official decide. Blood three world less focus they while.",contact_221
222,Kristen Boyle,130,Bates Ltd,"Engineer, automotive",rhondaferguson@example.net,+1-838-614-0254x064,001-376-851-2418,,contact_222
223,John Diaz,131,Tapia-Glover,Director,nicoleshaw@example.net,573.895.1335,541-482-7331,"Land skin fly degree camera man. Stock agreement side. Also sit far around.
Company marriage real pick. American image add indeed edge paper.",contact_223
224,David Davis,131,Tapia-Glover,Database administrator,john94@example.com,865.326.7133,(485)646-7042,,contact_224
225,Madeline Watkins,131,Tapia-Glover,Wellsite geologist,deanball@example.org,520.401.7170,732-308-0720,,contact_225
226,Andrew Gonzales,131,Tapia-Glover,"Surveyor, land/geomatics",lewismary@example.net,6854365859,001-476-430-7477,,contact_226
227,Margaret Curry,131,Tapia-Glover,"Surveyor, insurance",hallevelyn@example.org,+1-692-696-5931,+1-985-702-8484x99955,Foreign seek along. Still child sister board floor likely senior. Until team technology common argue just fact become.,contact_227
228,Jenna Peterson,132,Hobbs-Ortiz,CEO,ijones@example.org,(776)918-3962x49454,,,contact_228
229,Ms. Brianna Moody,134,"Chen, Rodriguez and Juarez",Owner,stanleyjennifer@example.net,001-993-821-8449x897,(558)902-6998x944,,contact_229
230,Susan Parker,134,"Chen, Rodriguez and Juarez","Scientist, physiological",jason53@example.com,371-862-0031x265,450-304-4827,,contact_230
231,Jessica Wright,134,"Chen, Rodriguez and Juarez",Insurance underwriter,josephgarcia@example.net,(998)802-3580,514-573-9648x81254,,contact_231
232,Jeremy Lopez,138,Brown-Gonzales,CEO,festrada@example.net,(801)628-5579x3000,(446)677-8396,,contact_232
233,Corey Weeks,138,Brown-Gonzales,Community development worker,gabriela20@example.net,918-747-4009x4871,217.692.9968,,contact_233
234,Kenneth Sanchez,138,Brown-Gonzales,"Teacher, music",jessica25@example.net,(356)964-7042x82022,+1-538-451-2628,"Computer close floor black. Teach discuss professor debate certainly bill thus.
Up traditional view add finish. Think them responsibility way respond.",contact_234
235,Marcus Morgan,138,Brown-Gonzales,Electrical engineer,caitlinmejia@example.com,(626)900-0620,,,contact_235
236,Savannah Freeman,138,Brown-Gonzales,Systems analyst,buckleylawrence@example.org,491-876-7524x492,(791)861-2144x651,,contact_236
237,William Marshall,139,"Watts, Garcia and Sherman",Manager,sherri17@example.org,217-858-7449,505-794-5585x10977,,contact_237
238,Edward Palmer,139,"Watts, Garcia and Sherman","Surveyor, quantity",fritztracey@example.net,001-872-394-6074x9982,001-597-588-7531x23964,,contact_238
239,Nicholas Walsh,139,"Watts, Garcia and Sherman","Conservation officer, nature",amberphillips@example.net,001-467-544-0938x8267,594-700-2321,,contact_239
240,Diane Baxter,140,Lane-Dickson,President,timothyjones@example.net,9347415638,(636)611-9120,,contact_240
241,Kelly Richards,140,Lane-Dickson,"Buyer, industrial",john12@example.net,7057053373,233-257-4477x288,,contact_241
242,Kelly Sanders,140,Lane-Dickson,IT sales professional,thompsondana@example.org,985.354.5592,+1-301-581-3606x12795,,contact_242
243,Jason Davis,140,Lane-Dickson,Magazine features editor,ghayes@example.net,295.924.8982,754.878.2870x98337,,contact_243
244,April Cross,140,Lane-Dickson,"Programmer, multimedia",raven36@example.com,001-379-849-9680x651,491-247-2250x7151,,contact_244
245,Monica Jenkins,141,Johnson-Garcia,Owner,goodmanrichard@example.com,(414)201-0695x702,(410)818-4751,,contact_245
246,Christina Burton,141,Johnson-Garcia,"Horticulturist, amenity",xwise@example.net,+1-300-216-6507x034,001-651-239-3148x82031,"Wide sometimes whom upon service full opportunity. Through collection those may. Hair share ago alone.
Thought term key former. Television thought true cover. Art citizen many those as skin finally.",contact_246
247,Jill Miller,141,Johnson-Garcia,Orthoptist,martinezkevin@example.com,(579)741-4129,819.884.2443,,contact_247
248,Lindsey Garza MD,142,"Hammond, Cole and Larson",Owner,hernandezmatthew@example.com,001-948-903-3004x780,418.293.4651,,contact_248
249,James Simon,142,"Hammond, Cole and Larson",Commercial horticulturist,maria69@example.org,001-396-263-9850x014,(618)779-6420x262,"Yes media again possible.
Risk goal race government very. Water organization I. Consider think weight figure.",contact_249
250,Melissa Brock,142,"Hammond, Cole and Larson",Software engineer,martin75@example.net,(929)354-3977x1607,001-601-574-6823,For health firm. Make region language guess amount ten really.,contact_250
251,Karen Banks,143,Cooper and Sons,President,christianalex@example.org,(536)730-3072x178,,,contact_251
252,Joseph James,143,Cooper and Sons,"Surveyor, land/geomatics",christopherboyd@example.net,913.679.6527,,,contact_252
253,Madison Stone,143,Cooper and Sons,Community development worker,benjamincontreras@example.net,001-602-257-5888x220,,,contact_253
254,Mr. Kyle Buck,143,Cooper and Sons,Surgeon,steven95@example.com,829-425-9454x586,527.397.0504x680,,contact_254
255,Jaime Harrison,143,Cooper and Sons,"Investment banker, operational",matthewwilliams@example.com,(283)298-4172x4031,929-686-0877,,contact_255
256,Dana Baldwin,144,"Wilson, Chavez and Harris",Owner,heather56@example.org,497-913-2424x4524,277-397-6726x38359,,contact_256
257,Amy Carpenter,144,"Wilson, Chavez and Harris",Herbalist,wisemichael@example.org,+1-721-630-7793,,,contact_257
258,Matthew Reyes,144,"Wilson, Chavez and Harris",Mental health nurse,danielbridges@example.com,9333578453,893-646-9229x3395,,contact_258
259,Harold Newton,145,"Avila, Hale and Smith",Owner,laura00@example.org,796.924.3051,+1-753-638-8289x526,,contact_259
260,Stephanie Ortiz,148,Briggs Group,Director,alexandersmith@example.com,364-333-0651x25288,(802)603-6605,,contact_260
261,Kevin Ryan,148,Briggs Group,Animal nutritionist,fletcherdavid@example.com,359-411-0369x803,+1-871-466-8541x509,Next various other education in human. Off join yourself tough. North break account think notice position.,contact_261
262,Miss Cheryl Silva,148,Briggs Group,Airline pilot,brandon93@example.org,736-360-2813x6092,671.225.6412,,contact_262
263,Tara Calderon,148,Briggs Group,"Therapist, sports",lbean@example.net,(203)575-2662x56173,(477)968-1643x9187,Kind speak grow more exist simple. Town resource time activity voice region.,contact_263
264,Ronald Anderson,149,"Williams, Weber and Rowland",President,petercarr@example.net,001-571-826-0006x2528,001-883-559-2417x78187,Just option serious fact four.,contact_264
265,Jason Mcdonald,149,"Williams, Weber and Rowland",Sports coach,williamjohnson@example.net,(790)395-7071,,"Particular owner we tough mother pick natural so. Vote party open.
Lead moment keep. Rich possible compare admit day by choose itself.
Give individual their attention member cost safe.",contact_265
266,Sara Elliott,149,"Williams, Weber and Rowland","Therapist, occupational",hansenjoshua@example.com,001-450-827-5859,,,contact_266
267,Dan Bates,151,"Kane, Grant and Bryant",Owner,smithjason@example.net,584.641.3223x6216,586.530.5857x19828,"Player west impact race order. Join key finally risk. Spend thank program cold hospital cup.
Professor present business man every idea. Decade indicate another agreement suggest.",contact_267
268,Kenneth Rogers,152,Ford-Lewis,Manager,kimberlysilva@example.net,(646)383-0901,(745)602-2773,Present scientist soon school agree change. Window cup commercial race democratic. A fear performance center of.,contact_268
269,Angela Yang,159,Sexton-Phillips,CEO,tammyhayes@example.org,001-969-698-3223x714,3332526752,Your from join. Program look send rich over threat page responsibility. Article involve seek participant agent your board.,contact_269
270,Elizabeth Williams,159,Sexton-Phillips,Insurance risk surveyor,qmartin@example.com,(338)861-1163,(889)284-7079,,contact_270
271,Catherine Guerrero,159,Sexton-Phillips,Architectural technologist,perezjames@example.net,832-820-6318x7616,,,contact_271
272,Amy Davis,159,Sexton-Phillips,Diplomatic Services operational officer,kylesmith@example.org,(708)810-4071,,"Instead financial message arrive give should technology laugh. Anything quality network. Want western forward son.
Talk candidate learn join section. Skin ten serve than information charge clearly.",contact_272
273,Jacob Jackson,160,Hall-Young,Owner,aliciamyers@example.com,+1-468-458-3041x264,001-827-572-9986x657,Seek way yet discover. Everybody garden once argue art project available. Describe pretty few necessary say chair recognize several.,contact_273
274,Jason Williams,160,Hall-Young,Paramedic,dgonzales@example.net,+1-234-203-0819x751,001-262-783-0879x885,Science serve consider social surface. May PM into though drive shoulder need pay. Five suffer physical should sound growth someone pressure.,contact_274
275,Daniel Gibbs,161,King-Cox,President,stevensonchristine@example.org,587-302-5603x1984,(364)996-1928x8597,,contact_275
276,Kristina Smith,161,King-Cox,Horticultural therapist,vargasray@example.net,001-752-523-0668x6183,,,contact_276
277,Elizabeth Mayo,161,King-Cox,Chief Financial Officer,acallahan@example.org,+1-360-476-1876x40270,654.347.9432x4684,,contact_277
278,Ashley Jackson,162,Hubbard Ltd,President,sarahschultz@example.com,+1-901-474-2164x69312,2906342574,,contact_278
279,Raven Floyd,164,"Mendoza, Russell and Hernandez",CEO,mendozanancy@example.org,7148453252,001-280-239-7459,,contact_279
280,Alexis Fisher,165,"Mueller, Richardson and Chambers",Manager,robertgardner@example.org,(376)797-1740,(415)276-9455,,contact_280
281,Lori Richardson,165,"Mueller, Richardson and Chambers",Medical physicist,barkerstacey@example.org,+1-569-288-1978,,,contact_281
282,Mrs. Melissa Huynh DVM,168,"Salazar, Carr and Aguilar",President,john41@example.com,601-790-4086x7343,695.708.7383,,contact_282
283,Mrs. Hannah Thomas,168,"Salazar, Carr and Aguilar",Leisure centre manager,scottphillips@example.org,715.454.4549x15469,671.425.0763,,contact_283
284,Phillip Stein,168,"Salazar, Carr and Aguilar",Media buyer,rvazquez@example.com,415.403.4507,+1-983-811-6762,"Room fly manage. Market eye we compare.
Involve structure hair must yard. Story chair physical according hospital crime. Note statement product feel soldier back.",contact_284
285,Amy Stein,168,"Salazar, Carr and Aguilar",Insurance claims handler,wscott@example.com,936-569-1954,001-704-375-7924x8003,,contact_285
286,Stanley Krause,171,"Hall, Martinez and Campbell",Owner,tashaperez@example.com,352.392.0907x3383,443-553-1018,,contact_286
287,Russell Mcpherson,171,"Hall, Martinez and Campbell",Financial trader,andre07@example.org,495-744-7335,438-893-5359x708,"Argue owner responsibility respond two bill simply improve. The manage save.
Personal raise save visit worker. Those some each very decide human. Quickly always brother customer likely wrong.",contact_287
288,Eddie Smith,171,"Hall, Martinez and Campbell","Psychologist, occupational",ihuffman@example.org,4835181578,(692)589-9314x685,"Mind leave scene dinner impact receive owner thought.
Decade coach long human.
Future out much authority discover. Green whatever weight off. I subject exist receive that.",contact_288
289,David Lee,172,Jones-Johnson,Manager,kristin16@example.net,989-807-3625,001-281-706-5209,"Table live seven his. Product building middle.
Throughout half almost many suffer add even.
Tree this effect friend if push item. Door author former seat sing mouth fact.",contact_289
290,Joy White,172,Jones-Johnson,"Surveyor, minerals",qmoran@example.net,3588998170,(811)666-5995x2322,Kind economic million challenge thus this can. Government clearly decade spend story. Land attention leader stand window.,contact_290
291,Nathaniel Hicks,176,"Martin, Cervantes and Flowers",CEO,melendezchristopher@example.org,566.230.5187x407,,"Bed Congress building its discover past word west. Myself drive wish job identify nor.
Much how reflect energy.",contact_291
292,Edwin Ramirez,176,"Martin, Cervantes and Flowers","Journalist, broadcasting",kellyrusso@example.org,300-733-6738,814-290-3765,,contact_292
293,Marilyn Davis,178,Dennis-Hamilton,Manager,jerome30@example.org,001-484-328-7478x165,,,contact_293
294,Debra Crawford,178,Dennis-Hamilton,Field trials officer,margarettorres@example.org,(288)348-2608x240,001-402-828-5869x93080,"Bad down exist life than. Arm special money alone.
Certain attention require study recent type open. Collection others owner law discussion every draw drug. Sign read seat.",contact_294
295,Carol Scott,178,Dennis-Hamilton,"Administrator, charities/voluntary organisations",craig69@example.org,206.570.3582x51865,477-429-9574x3156,,contact_295
296,Michael Meza,184,"Bishop, Harris and Dalton",Owner,elizabethstout@example.net,5976711750,317.750.4042,,contact_296
297,Michelle Ayala,185,Martin-Klein,CEO,wevans@example.org,5435566896,001-435-948-7087,"Discuss economic drug red energy seat day bag. Night bill end specific realize glass they.
Near body difficult since low. Collection song mother remember end reality require enjoy.",contact_297
298,Sandra Johnson,186,"Espinoza, Todd and Keller",President,kaiseramy@example.org,920.449.1852x50066,,Truth even current make policy continue stock. Enter series fill support support last chance. Pick cost often piece. Moment hold everybody these.,contact_298
299,Mark Williams,187,Williams-Larsen,President,poneill@example.org,(811)440-0017x8630,(625)641-5470x85978,"Foot much discuss star hope half several. Test none year investment religious one nice likely. Determine line option kitchen air education catch.
Rich hair Democrat last bad. Which size high.",contact_299
300,Gregory Martin,188,Stevenson Ltd,President,gbrown@example.net,959-379-0549,440.312.2900x243,,contact_300
301,Dustin Brown,188,Stevenson Ltd,Maintenance engineer,roberta75@example.org,506-779-4077,(831)203-2053,,contact_301
302,Daniel Ayala,189,"Powell, Johnson and Richards",Director,marciabell@example.org,6078136836,(210)467-5916x190,,contact_302
303,Daniel Perry,189,"Powell, Johnson and Richards",Artist,amysmith@example.com,(455)895-8796x856,,,contact_303
304,Ashley Barker,189,"Powell, Johnson and Richards","Psychologist, occupational",brownsabrina@example.org,643.311.4973,466.461.6799,,contact_304
305,Thomas Burns,189,"Powell, Johnson and Richards",Oncologist,tyrone28@example.org,001-417-439-3939x2622,323-889-8584,,contact_305
306,Juan Rios,189,"Powell, Johnson and Richards",Visual merchandiser,joseph75@example.org,958-607-4779x01949,,,contact_306
307,Jason Thompson,191,Moreno-Williams,President,santosandrew@example.org,879.916.6637,001-706-358-4203x94582,,contact_307
308,Samuel Curry,191,Moreno-Williams,Actuary,sgomez@example.net,001-909-745-1243,644-229-7028,,contact_308
309,Alex Wilkerson,191,Moreno-Williams,Advertising copywriter,yblackwell@example.net,618-622-7619x8219,001-988-337-1663x76777,,contact_309
310,Priscilla Ramos,191,Moreno-Williams,"Biochemist, clinical",bradleychandler@example.net,332-968-2781x5065,336.344.8099,Learn blood character candidate difference spring. Beat age wall value join up. Sound public PM tough.,contact_310
311,Yolanda Higgins,191,Moreno-Williams,"Engineer, site",madeline50@example.org,752.983.6834,001-367-946-2411x6350,,contact_311
312,Steven Johnson PhD,192,Garza-Holmes,Manager,cindy23@example.net,3633928000,475-578-9126x994,,contact_312
313,Chelsea Hill,192,Garza-Holmes,Product manager,adamgreen@example.net,619-312-0662,,,contact_313
314,Tyler Smith,192,Garza-Holmes,Insurance account manager,donaldmurphy@example.com,262.315.8254x1610,200.923.7545x146,,contact_314
315,Lisa Oneal,192,Garza-Holmes,Retail buyer,xvalentine@example.net,5235306741,844-797-9333x6919,,contact_315
316,Damon Dunn,192,Garza-Holmes,Optometrist,timothy00@example.org,+1-775-454-1994x674,,,contact_316
317,Adrian Graves,193,Bates-Daniels,CEO,deborahperry@example.org,965-203-2345,,,contact_317
318,Eric Hall,193,Bates-Daniels,Clinical embryologist,paulbailey@example.org,(357)841-3402,(702)343-8419,"Glass traditional far while point. Lawyer modern defense beautiful.
Decade democratic data exist write the why. Capital under ten remember kid statement whole.",contact_318
319,Gina Thomas,194,"Allison, Wallace and Cunningham",Director,palmerelizabeth@example.net,001-710-301-7599,784-782-0030,,contact_319
320,Autumn Hill,195,"Mcgrath, Thompson and Hancock",CEO,shelleyrodriguez@example.net,6349498181,9917556189,,contact_320
321,Kimberly Dalton,195,"Mcgrath, Thompson and Hancock",Sport and exercise psychologist,wilsondenise@example.com,(879)413-5869,(355)871-8661,"Realize officer candidate right. Finally crime pattern act pay. Investment resource affect lay.
Anyone still born window weight crime.",contact_321
322,Amanda Osborn,195,"Mcgrath, Thompson and Hancock","Designer, industrial/product",davisjoshua@example.net,001-266-405-8464x31247,001-438-775-6130x7410,Surface eat skill. Modern let thank stay can but. Easy magazine political future family stage perhaps.,contact_322
323,James Roy Jr.,196,"Cole, Murphy and Rice",Manager,vchandler@example.net,540.308.0449x267,+1-775-914-8742,,contact_323
324,Gerald Gomez,197,"Gutierrez, Miller and Mitchell",Director,roger72@example.com,478.215.8175,,East share each develop truth join five. Benefit gas indicate Mrs wide use include. Buy action tend low among throughout image seek. Sort character story become.,contact_324
325,John Johnston,197,"Gutierrez, Miller and Mitchell",Bookseller,brandtjoseph@example.net,8137444389,,,contact_325
326,Gregory Hines,197,"Gutierrez, Miller and Mitchell","Engineer, manufacturing systems",ggaines@example.com,(728)767-2789x9742,435-748-5299,,contact_326
327,Emily Cline,197,"Gutierrez, Miller and Mitchell",Educational psychologist,thomaswilliam@example.net,+1-985-632-1816x097,6586250067,,contact_327
328,Gina Sellers,199,Smith LLC,President,swilliams@example.com,(618)310-7061x65977,303.882.6363,,contact_328
